College/Univ,Official Name,,
Abilene Christian,Abilene Christian University,,https://upload.wikimedia.org/wikipedia/en/9/95/Abilene_Christian_Wildcats_Primary_Logo.png
Air Force,United States Air Force Academy,,https://upload.wikimedia.org/wikipedia/commons/thumb/d/dc/Air_Force_Falcons_logo.svg/200px-Air_Force_Falcons_logo.svg.png
Akron,University of Akron Main Campus,,https://upload.wikimedia.org/wikipedia/commons/thumb/3/3c/Akron_Zips_logo.svg/276px-Akron_Zips_logo.svg.png
Ala-Birmingham,University of Alabama at Birmingham,,https://upload.wikimedia.org/wikipedia/en/thumb/d/d5/UAB_Blazers_Logo.svg/1200px-UAB_Blazers_Logo.svg.png
Alabama,The University of Alabama,,https://upload.wikimedia.org/wikipedia/commons/thumb/6/61/Alabama_Crimson_Tide_Logo.svg/91px-Alabama_Crimson_Tide_Logo.svg.png
Alabama A&M,Alabama A & M University,,https://upload.wikimedia.org/wikipedia/commons/3/38/AL_Ag_Mech_Univ_logo.png
Alabama St.,Alabama State University,,https://upload.wikimedia.org/wikipedia/en/c/c0/AlabamaStateHornets.png
Albany,SUNY at Albany,,https://upload.wikimedia.org/wikipedia/en/thumb/1/1b/University_at_Albany%2C_SUNY_Seal.svg/435px-University_at_Albany%2C_SUNY_Seal.svg.png
Albany (NY),SUNY at Albany,,https://upload.wikimedia.org/wikipedia/en/thumb/1/1b/University_at_Albany%2C_SUNY_Seal.svg/435px-University_at_Albany%2C_SUNY_Seal.svg.png
Albany State (GA),Albany State University,,https://upload.wikimedia.org/wikipedia/en/c/c9/Albany_State_University_Golden_Rams_%28logo%29.png
Albion,Albion College,,https://upload.wikimedia.org/wikipedia/en/0/0d/Albion_College_Shield.png
Alcorn St.,Alcorn State University,,https://upload.wikimedia.org/wikipedia/commons/6/6a/Alcorn.png
Angelo State (TX),Angelo State University,,https://upload.wikimedia.org/wikipedia/commons/thumb/f/fe/Angelo_State_University_logo.svg/188px-Angelo_State_University_logo.svg.png
Appalachian St.,Appalachian State University,,https://upload.wikimedia.org/wikipedia/commons/thumb/a/a9/Appalachian_State_Mountaineers_logo.svg/152px-Appalachian_State_Mountaineers_logo.svg.png
Arizona,University of Arizona,,https://upload.wikimedia.org/wikipedia/commons/thumb/e/e4/University_of_Arizona_Block_A.svg/512px-University_of_Arizona_Block_A.svg.png
Arizona St.,Arizona State University-Tempe,,http://cdn.bleacherreport.net/images/team_logos/328x328/arizona_state_football.png
Ark-Pine Bluff,University of Arkansas at Pine Bluff,,https://upload.wikimedia.org/wikipedia/commons/thumb/8/89/Arkansas%E2%80%93Pine_Bluff_Golden_Lions_wordmark.svg/268px-Arkansas%E2%80%93Pine_Bluff_Golden_Lions_wordmark.svg.png
Arkansas,University of Arkansas,,https://upload.wikimedia.org/wikipedia/commons/thumb/8/81/Arkansas_Razorbacks_logo.svg/150px-Arkansas_Razorbacks_logo.svg.png
Arkansas A&M,Alabama A & M University,,
Arkansas St.,Arkansas State University-Main Campus,,https://upload.wikimedia.org/wikipedia/commons/thumb/8/8f/Arkansas_State_Red_Wolves_wordmark.svg/317px-Arkansas_State_Red_Wolves_wordmark.svg.png
Army,United States Military Academy,,https://upload.wikimedia.org/wikipedia/commons/thumb/0/01/Army_West_Point_logo.svg/252px-Army_West_Point_logo.svg.png
Ashland,Ashland University,,https://upload.wikimedia.org/wikipedia/en/thumb/9/92/Ashland_Eagles_logo.svg/198px-Ashland_Eagles_logo.svg.png
Auburn,Auburn University,,https://upload.wikimedia.org/wikipedia/commons/thumb/3/37/AuburnTigers.svg/202px-AuburnTigers.svg.png
Augustana (SD),Augustana College,,https://upload.wikimedia.org/wikipedia/en/7/7d/AugustanaVikings.png
Austin Peay St.,Austin Peay State University,,https://upload.wikimedia.org/wikipedia/commons/thumb/4/4e/Austin_Peay_Athletics_logo.svg/200px-Austin_Peay_Athletics_logo.svg.png
Ball St.,Ball State University,,https://upload.wikimedia.org/wikipedia/commons/thumb/d/d5/Ball_State_Athletics_wordmark.png/200px-Ball_State_Athletics_wordmark.png
Baylor,Baylor University,,https://upload.wikimedia.org/wikipedia/commons/thumb/c/c4/Baylor_Athletics_logo.svg/100px-Baylor_Athletics_logo.svg.png
Bentley,Bentley University,,https://upload.wikimedia.org/wikipedia/en/thumb/1/15/Bentley_University_seal.svg/150px-Bentley_University_seal.svg.png
Bethune-Cookman,Bethune-Cookman University,,https://upload.wikimedia.org/wikipedia/commons/thumb/d/d6/Bethune_Cookman_Wildcats_Script_Logo.png/150px-Bethune_Cookman_Wildcats_Script_Logo.png
Bloomsburg,Bloomsburg University of Pennsylvania,,https://upload.wikimedia.org/wikipedia/en/thumb/8/8b/BU_Huskies_logo.png/150px-BU_Huskies_logo.png
Boise St.,Boise State University,,https://upload.wikimedia.org/wikipedia/commons/thumb/6/61/Boise_State_%22B%22_logo.svg/150px-Boise_State_%22B%22_logo.svg.png
Boston Col.,Boston College,,http://cdn.bleacherreport.net/images/team_logos/328x328/boston_college_football.png
Bowling Green,Bowling Green State University-Main Campus,,https://upload.wikimedia.org/wikipedia/commons/thumb/6/67/Bowling_Green_Falcons_wordmark.svg/250px-Bowling_Green_Falcons_wordmark.svg.png
Brown,Brown University,,https://upload.wikimedia.org/wikipedia/commons/thumb/5/5d/Brown_Bears_wordmark.png/100px-Brown_Bears_wordmark.png
Buffalo,University at Buffalo,,https://upload.wikimedia.org/wikipedia/commons/thumb/9/92/University_at_Buffalo_Interlocking_UB_logo.svg/150px-University_at_Buffalo_Interlocking_UB_logo.svg.png
Butte JC (CA),Butte College,,https://upload.wikimedia.org/wikipedia/en/1/18/BC_logo.jpg
BYU,Brigham Young University-Provo,,https://upload.wikimedia.org/wikipedia/commons/thumb/1/16/BYU_Athletic_Logo.svg/120px-BYU_Athletic_Logo.svg.png
C.W. Post,LIU Post,,https://upload.wikimedia.org/wikipedia/en/8/8a/PostPioneers.png
Cal Poly-San Luis Obispo,California Polytechnic State University-San Luis Obispo,,
Cal Poly-SLO,California Polytechnic State University-San Luis Obispo,,
Cal State-Sacramento,California State University-Sacramento,,https://upload.wikimedia.org/wikipedia/en/thumb/b/b1/Sacramento_State_Hornets_Logo.svg/150px-Sacramento_State_Hornets_Logo.svg.png
California,University of California-Berkeley,,https://upload.wikimedia.org/wikipedia/commons/thumb/1/17/University_of_California%2C_Berkeley_athletic_logo.svg/125px-University_of_California%2C_Berkeley_athletic_logo.svg.png
California (PA),California University of Pennsylvania,,https://upload.wikimedia.org/wikipedia/en/f/fa/California_University_of_Pennsylvania_%28emblem%29.png
California-Davis,University of California-Davis,,https://upload.wikimedia.org/wikipedia/commons/thumb/3/34/UC_Davis_Aggies_wordmark.svg/250px-UC_Davis_Aggies_wordmark.svg.png
Central Arkansas,University of Central Arkansas,,https://upload.wikimedia.org/wikipedia/commons/thumb/6/60/Central_Arkansas_Athletics_wordmark.svg/250px-Central_Arkansas_Athletics_wordmark.svg.png
Central Connecticut St.,Central Connecticut State University,,https://upload.wikimedia.org/wikipedia/commons/thumb/7/78/Central_Connecticut_Blue_Devils_wordmark.png/250px-Central_Connecticut_Blue_Devils_wordmark.png
Central Florida,University of Central Florida,,https://upload.wikimedia.org/wikipedia/commons/thumb/f/fd/UCF_Knights_logo.svg/125px-UCF_Knights_logo.svg.png
Central Michigan,Central Michigan University,,https://upload.wikimedia.org/wikipedia/commons/thumb/2/2a/Central_Michigan_Chippewas_logo.svg/150px-Central_Michigan_Chippewas_logo.svg.png
Central Missouri St.,University of Central Missouri,,https://upload.wikimedia.org/wikipedia/en/thumb/0/08/Central_Missouri_Athletics_logo.svg/200px-Central_Missouri_Athletics_logo.svg.png
Central Oklahoma,University of Central Oklahoma,,https://upload.wikimedia.org/wikipedia/commons/thumb/9/9d/UCO_logo.svg/200px-UCO_logo.svg.png
Central State (OH),Central State University,,https://upload.wikimedia.org/wikipedia/en/thumb/9/9e/Central_State_University_Presidential_Seal.png/150px-Central_State_University_Presidential_Seal.png
Chadron St.,Chadron State College,,https://upload.wikimedia.org/wikipedia/en/thumb/9/9f/CSC_Eagles.png/200px-CSC_Eagles.png
Chattanooga,The University of Tennessee-Chattanooga,,https://upload.wikimedia.org/wikipedia/commons/thumb/5/5d/Chattanooga_Mocs_logo.svg/200px-Chattanooga_Mocs_logo.svg.png
Cincinnati,University of Cincinnati-Main Campus,,https://upload.wikimedia.org/wikipedia/en/thumb/8/81/Cincinnati_Bearcats.svg/100px-Cincinnati_Bearcats.svg.png
Citadel,Citadel Military College of South Carolina,,https://upload.wikimedia.org/wikipedia/commons/thumb/6/61/The_Citadel_Athletics_script.svg/150px-The_Citadel_Athletics_script.svg.png
Clemson,Clemson University,,https://upload.wikimedia.org/wikipedia/commons/thumb/6/6d/Clemson_University_Tiger_Paw_logo.svg/150px-Clemson_University_Tiger_Paw_logo.svg.png
Coastal Carolina,Coastal Carolina University,,https://upload.wikimedia.org/wikipedia/en/thumb/e/ef/Coastal_Carolina_Chanticleers_logo.svg/200px-Coastal_Carolina_Chanticleers_logo.svg.png
Colorado,University of Colorado Boulder,,https://upload.wikimedia.org/wikipedia/commons/thumb/c/c3/Colorado_Buffaloes_wordmark.svg/200px-Colorado_Buffaloes_wordmark.svg.png
Colorado St.,Colorado State University-Fort Collins,,https://upload.wikimedia.org/wikipedia/commons/thumb/6/60/Colorado_State_Rams_wordmark.png/250px-Colorado_State_Rams_wordmark.png
Columbia,Columbia University in the City of New York,,https://upload.wikimedia.org/wikipedia/en/thumb/6/69/Columbia_Lions_football_logo.png/200px-Columbia_Lions_football_logo.png
Concordia-St.Paul (MN),Concordia University-Saint Paul,,https://upload.wikimedia.org/wikipedia/en/c/c8/ConcordiaGoldenBears.png
Connecticut,University of Connecticut,,https://upload.wikimedia.org/wikipedia/commons/thumb/b/b3/Connecticut_Huskies_wordmark.svg/250px-Connecticut_Huskies_wordmark.svg.png
Connecticut State,Central Connecticut State University,,
Cornell,Cornell University,,https://upload.wikimedia.org/wikipedia/commons/thumb/9/9d/Cornell_%22C%22_logo.svg/100px-Cornell_%22C%22_logo.svg.png
Dartmouth,Dartmouth College,,https://upload.wikimedia.org/wikipedia/commons/thumb/b/b1/Dartmouth_Big_Green.svg/107px-Dartmouth_Big_Green.svg.png
Delaware,University of Delaware,,https://upload.wikimedia.org/wikipedia/en/thumb/7/74/Delaware_Fightin%27_Blue_Hens_Logo.svg/150px-Delaware_Fightin%27_Blue_Hens_Logo.svg.png
Delaware St.,Delaware State University,,https://upload.wikimedia.org/wikipedia/en/thumb/f/fa/DelawareStateHornets.png/150px-DelawareStateHornets.png
Delta St.,Delta College,,https://upload.wikimedia.org/wikipedia/commons/thumb/0/08/Delta_State_Athletics_logo.png/90px-Delta_State_Athletics_logo.png
Duke,Duke University,,https://upload.wikimedia.org/wikipedia/commons/thumb/6/6b/Duke_text_logo.svg/125px-Duke_text_logo.svg.png
East Carolina,East Carolina University,,https://upload.wikimedia.org/wikipedia/commons/thumb/c/c2/East_Carolina_Pirates_wordmark.png/200px-East_Carolina_Pirates_wordmark.png
East Central (OK),East Central University,,https://upload.wikimedia.org/wikipedia/en/thumb/c/cd/Tigermascotlogo.png/175px-Tigermascotlogo.png
East Tennessee St.,East Tennessee State University,,https://upload.wikimedia.org/wikipedia/commons/thumb/a/ab/East_Tennessee_State_Buccaneers_logo.svg/150px-East_Tennessee_State_Buccaneers_logo.svg.png
East. Illinois,Eastern Illinois University,,https://upload.wikimedia.org/wikipedia/en/thumb/8/86/Eastern_Illinois_Panthers_logo.svg/200px-Eastern_Illinois_Panthers_logo.svg.png
East. Kentucky,Eastern Kentucky University,,https://upload.wikimedia.org/wikipedia/commons/thumb/b/b1/Eastern_Kentucky_Colonels_logo.svg/200px-Eastern_Kentucky_Colonels_logo.svg.png
East. Michigan,Eastern Michigan University,,https://upload.wikimedia.org/wikipedia/commons/thumb/c/c1/Eastern_Michigan_Eagles_logo.svg/150px-Eastern_Michigan_Eagles_logo.svg.png
East. New Mexico,Eastern New Mexico University-Main Campus,,https://upload.wikimedia.org/wikipedia/commons/thumb/a/a1/Eastern_New_Mexico_Greyhounds_logo.svg/150px-Eastern_New_Mexico_Greyhounds_logo.svg.png
East. Washington,Eastern Washington University,,https://uplhttps://upload.wikimedia.org/wikipedia/en/thumb/8/80/Eastern_Washington_Eagles_logo.svg/160px-Eastern_Washington_Eagles_logo.svg.pngoad.wikimedia.org/wikipedia/en/thumb/3/3c/Elon_Phoenix_logo.svg/200px-Elon_Phoenix_logo.svg.png
Elon,Elon University,,https://upload.wikimedia.org/wikipedia/en/thumb/3/3c/Elon_Phoenix_logo.svg/200px-Elon_Phoenix_logo.svg.png
Florida,University of Florida,,https://upload.wikimedia.org/wikipedia/en/thumb/1/12/Florida_Gators_logo.svg/200px-Florida_Gators_logo.svg.png
Florida A&M,Florida Agricultural and Mechanical University,,https://upload.wikimedia.org/wikipedia/en/thumb/5/54/Florida_A%26M_Rattlers_logo.svg/200px-Florida_A%26M_Rattlers_logo.svg.png
Florida Atlantic,Florida Atlantic University,,https://upload.wikimedia.org/wikipedia/en/thumb/4/40/Florida_Atlantic_Owls_logo.svg/250px-Florida_Atlantic_Owls_logo.svg.png
Florida International,Florida International University,,https://upload.wikimedia.org/wikipedia/en/thumb/d/d9/FIU_Panthers.svg/175px-FIU_Panthers.svg.png
Florida St.,Florida State University,,https://upload.wikimedia.org/wikipedia/en/thumb/d/d5/Florida_State_Seminoles_logo.svg/200px-Florida_State_Seminoles_logo.svg.png
Fordham,Fordham University,,https://upload.wikimedia.org/wikipedia/en/thumb/0/0b/FordhamRams.png/200px-FordhamRams.png
Fort Valley St.,Fort Valley State University,,https://upload.wikimedia.org/wikipedia/en/thumb/2/27/Fort_Valley_State_University_seal.png/150px-Fort_Valley_State_University_seal.png
Fresno St.,California State University-Fresno,,https://upload.wikimedia.org/wikipedia/en/thumb/a/a3/Fresno_State_Bulldogs_Logo.svg/200px-Fresno_State_Bulldogs_Logo.svg.png
Furman,Furman University,,https://upload.wikimedia.org/wikipedia/commons/thumb/a/aa/Furman_Paladins_logo.svg/175px-Furman_Paladins_logo.svg.png
Gardner-Webb,Gardner-Webb University,,https://upload.wikimedia.org/wikipedia/en/thumb/1/1c/GardnerWebbRunninBulldogs.png/220px-GardnerWebbRunninBulldogs.png
Georgia,University of Georgia,,https://upload.wikimedia.org/wikipedia/commons/thumb/5/5b/UGA_logo.svg/200px-UGA_logo.svg.png
Georgia Southern,Georgia Southern University,,https://upload.wikimedia.org/wikipedia/en/thumb/2/2a/Georgia_Southern_Eagles_logo.svg/200px-Georgia_Southern_Eagles_logo.svg.png
Georgia St.,Georgia State University,,https://upload.wikimedia.org/wikipedia/en/thumb/3/3b/Georgia_State_Athletics_logo.svg/150px-Georgia_State_Athletics_logo.svg.png
Georgia Tech,Georgia Institute of Technology-Main Campus,,https://upload.wikimedia.org/wikipedia/commons/thumb/1/1e/Georgia_Tech_Outline_Interlocking_logo.svg/200px-Georgia_Tech_Outline_Interlocking_logo.svg.png
Grambling St.,Grambling State University,,https://upload.wikimedia.org/wikipedia/commons/thumb/0/0d/Grambling_State_Tigers_logo.png/200px-Grambling_State_Tigers_logo.png
Grand Valley St.,Grand Valley State University,,https://upload.wikimedia.org/wikipedia/commons/thumb/d/d2/Grand_Valley_State_Lakers_logo.svg/200px-Grand_Valley_State_Lakers_logo.svg.png
Hampton,Hampton University,,https://upload.wikimedia.org/wikipedia/en/thumb/e/ef/Hampton_Pirates_logo.png/150px-Hampton_Pirates_logo.png
Harding,Harding University,,https://upload.wikimedia.org/wikipedia/en/thumb/9/93/HardingBison.png/250px-HardingBison.png
Harvard,Harvard University,,https://upload.wikimedia.org/wikipedia/commons/thumb/7/76/Harvard_Crimson_logo.svg/200px-Harvard_Crimson_logo.svg.png
Hawaii,University of Hawaii at Manoa,,https://upload.wikimedia.org/wikipedia/commons/thumb/0/0c/Hawaii_Warriors_Logo.svg/200px-Hawaii_Warriors_Logo.svg.png
Hillsdale,Hillsdale College,,https://upload.wikimedia.org/wikipedia/en/6/6c/Hillsdale_College_seal.jpg
Hobart,Hobart William Smith Colleges,,https://upload.wikimedia.org/wikipedia/en/thumb/a/af/Hobart_%26_William_Smith_Colleges_seals.png/200px-Hobart_%26_William_Smith_Colleges_seals.png
Hofstra,Hofstra University,,https://upload.wikimedia.org/wikipedia/en/thumb/1/12/Hofstra_Pride_logo.svg/200px-Hofstra_Pride_logo.svg.png
Houston,University of Houston,,https://upload.wikimedia.org/wikipedia/commons/thumb/2/23/Houston_Cougars_logo.svg/150px-Houston_Cougars_logo.svg.png
Howard,Howard College,,https://upload.wikimedia.org/wikipedia/en/thumb/a/a3/Howard_University_seal.svg/150px-Howard_University_seal.svg.png
Howard Payne,Howard Payne University,,https://upload.wikimedia.org/wikipedia/en/thumb/a/a1/Howard_Payne_University_seal.png/200px-Howard_Payne_University_seal.png
Idaho,University of Idaho,,https://upload.wikimedia.org/wikipedia/commons/thumb/9/99/University_of_Idaho_Vandals_logo.svg/200px-University_of_Idaho_Vandals_logo.svg.png
Idaho St.,Idaho State University,,https://upload.wikimedia.org/wikipedia/en/thumb/6/63/Idaho_State_Bengals_logo.svg/200px-Idaho_State_Bengals_logo.svg.png
Illinois,University of Illinois at Urbana-Champaign,,https://upload.wikimedia.org/wikipedia/commons/thumb/9/91/Illinois_Fighting_Illini_logo.svg/200px-Illinois_Fighting_Illini_logo.svg.png
Illinois St.,Illinois State University,,https://upload.wikimedia.org/wikipedia/en/thumb/f/f8/Illinois_State_Athletics_logo.svg/200px-Illinois_State_Athletics_logo.svg.png
Indiana,Indiana University-Bloomington,,https://upload.wikimedia.org/wikipedia/commons/thumb/4/47/Indiana_Hoosiers_logo.svg/100px-Indiana_Hoosiers_logo.svg.png
Indiana (PA),Indiana University of Pennsylvania-Main Campus,,https://upload.wikimedia.org/wikipedia/en/thumb/d/d7/IUPcrimson-hawk.png/100px-IUPcrimson-hawk.png
Indiana St.,Indiana State University,,https://upload.wikimedia.org/wikipedia/en/thumb/7/7f/Indiana_State_Sycamores_logo.svg/200px-Indiana_State_Sycamores_logo.svg.png
Iowa,University of Iowa,,https://upload.wikimedia.org/wikipedia/en/thumb/7/7b/Iowa_Hawkeyes_logo.svg/200px-Iowa_Hawkeyes_logo.svg.png
Iowa St.,Iowa State University,,https://upload.wikimedia.org/wikipedia/commons/thumb/f/f9/Iowa_State_Cyclones_logo.svg/200px-Iowa_State_Cyclones_logo.svg.png
Itawamba JC,Itawamba Community College,,
Jackson St.,Jackson State University,,https://upload.wikimedia.org/wikipedia/commons/thumb/e/ed/JacksonStateTigers.png/200px-JacksonStateTigers.png
Jacksonville St.,Jacksonville State University,,https://upload.wikimedia.org/wikipedia/en/thumb/2/20/Jacksonville_State_Gamecocks_logo.svg/200px-Jacksonville_State_Gamecocks_logo.svg.png
James Madison,James Madison University,,https://upload.wikimedia.org/wikipedia/commons/thumb/6/6d/James_Madison_University_Athletics_logo.svg/250px-James_Madison_University_Athletics_logo.svg.png
Jamestown,Jamestown Community College,,
Kansas,University of Kansas,,https://upload.wikimedia.org/wikipedia/en/thumb/4/4c/University_of_Kansas_Jayhawk_logo.svg/200px-University_of_Kansas_Jayhawk_logo.svg.png
Kansas St.,Kansas State University,,https://upload.wikimedia.org/wikipedia/en/thumb/1/19/KSUWildcats_logo.svg/200px-KSUWildcats_logo.svg.png
Kent St.,Kent State University at Kent,,https://upload.wikimedia.org/wikipedia/en/thumb/a/a6/Kent_State_athletic_logo.svg/200px-Kent_State_athletic_logo.svg.png
Kentucky,University of Kentucky,,https://upload.wikimedia.org/wikipedia/commons/thumb/b/b6/Kentucky_Wildcats_logo.svg/200px-Kentucky_Wildcats_logo.svg.png
Kentucky St.,Kentucky State University,,https://upload.wikimedia.org/wikipedia/en/thumb/c/cf/KSUThorobreds.png/200px-KSUThorobreds.png
Knoxville,The University of Tennessee-Knoxville,,https://upload.wikimedia.org/wikipedia/commons/thumb/a/a5/UT_Volunteers_logo.svg/120px-UT_Volunteers_logo.svg.png
Kutztown Pennsylvania,Kutztown University of Pennsylvania,,https://upload.wikimedia.org/wikipedia/en/thumb/d/dc/KU_Golden_Bears_logo.png/200px-KU_Golden_Bears_logo.png
La-Lafayette,University of Louisiana at Lafayette,,https://upload.wikimedia.org/wikipedia/en/thumb/0/06/Ragin_Cajuns_logo.svg/200px-Ragin_Cajuns_logo.svg.png
La-Monroe,University of Louisiana at Monroe,,https://upload.wikimedia.org/wikipedia/en/thumb/0/05/Louisiana%E2%80%93Monroe_Warhawks_logo.svg/200px-Louisiana%E2%80%93Monroe_Warhawks_logo.svg.png
Lane College,Lane College,,https://upload.wikimedia.org/wikipedia/en/thumb/a/ac/LaneDragons.png/220px-LaneDragons.png
Langston,Langston University,,https://upload.wikimedia.org/wikipedia/en/thumb/d/df/Langstonuniversitylogo.png/100px-Langstonuniversitylogo.png
Lehigh,Lehigh University,,https://upload.wikimedia.org/wikipedia/en/thumb/e/ef/LUwithShield-CMYK.svg/150px-LUwithShield-CMYK.svg.png
Lenoir-Rhyne,Lenoir-Rhyne University,,https://upload.wikimedia.org/wikipedia/en/1/10/Lenoir-Rhyne_Athletic_Logo.png
Liberty,Liberty University,,https://upload.wikimedia.org/wikipedia/en/c/c7/Liberty_University_seal.png
Lindenwood,Lindenwood University,,https://upload.wikimedia.org/wikipedia/en/thumb/7/74/Lindenwood_Lions_logo.svg/200px-Lindenwood_Lions_logo.svg.png
Livingstone,Livingstone College,,https://upload.wikimedia.org/wikipedia/en/b/b2/LivingstoneBlueBears.png
Long Beach CC,Long Beach City College,,
Louisiana Tech,Louisiana Tech University,,https://upload.wikimedia.org/wikipedia/en/thumb/c/cb/LA_Tech_Athletics_Logo.svg/200px-LA_Tech_Athletics_Logo.svg.png
Louisville,University of Louisville,,https://upload.wikimedia.org/wikipedia/en/thumb/5/59/Louisville_Cardinals_logo.svg/175px-Louisville_Cardinals_logo.svg.png
LSU,Louisiana State University-System Office,,https://upload.wikimedia.org/wikipedia/commons/thumb/f/fc/Louisiana_State_University_%28block_logo%29.svg/250px-Louisiana_State_University_%28block_logo%29.svg.png
Maine,University of Maine,,https://upload.wikimedia.org/wikipedia/en/thumb/e/e5/University_of_Maine_seal.png/150px-University_of_Maine_seal.png
Marist,Marist College,,https://upload.wikimedia.org/wikipedia/en/thumb/4/4b/Marist_College_Seal_-_Vector.svg/150px-Marist_College_Seal_-_Vector.svg.png
Mars Hill,Mars Hill University,,https://upload.wikimedia.org/wikipedia/en/thumb/2/2e/MarsHillCollege_Seal.png/150px-MarsHillCollege_Seal.png
Marshall,Marshall University,,https://upload.wikimedia.org/wikipedia/commons/thumb/4/4f/Marshall_Thundering_Herd_logo.svg/200px-Marshall_Thundering_Herd_logo.svg.png
Maryland,University of Maryland-College Park,,https://upload.wikimedia.org/wikipedia/en/thumb/5/51/University_of_Maryland_Seal.svg/150px-University_of_Maryland_Seal.svg.png
Massachusetts,University of Massachusetts-Amherst,,https://upload.wikimedia.org/wikipedia/commons/thumb/0/0a/UMass_primary_logo.png/200px-UMass_primary_logo.png
McNeese St.,McNeese State University,,https://upload.wikimedia.org/wikipedia/en/thumb/f/f7/McNeese_State_Athletics_logo.svg/150px-McNeese_State_Athletics_logo.svg.png
Memphis,University of Memphis,,https://upload.wikimedia.org/wikipedia/en/thumb/3/34/MemphisTigers.svg/175px-MemphisTigers.svg.png
Miami (FL),University of Miami,,https://upload.wikimedia.org/wikipedia/commons/thumb/e/e9/Miami_Hurricanes_logo.svg/200px-Miami_Hurricanes_logo.svg.png
Miami (OH),Miami University-Oxford,,https://upload.wikimedia.org/wikipedia/commons/thumb/b/b4/Miami_Redhawks_logo.svg/200px-Miami_Redhawks_logo.svg.png
Michigan,University of Michigan-Ann Arbor,,https://upload.wikimedia.org/wikipedia/commons/thumb/f/fb/Michigan_Wolverines_logo.svg/200px-Michigan_Wolverines_logo.svg.png
Michigan St.,Michigan State University,,https://upload.wikimedia.org/wikipedia/en/thumb/e/ee/Michigan_State_Spartan_Helmet.svg/175px-Michigan_State_Spartan_Helmet.svg.png
Michigan Tech,Michigan Technological University,,https://upload.wikimedia.org/wikipedia/en/thumb/d/d6/Michigan_Tech_Athletics_logo.svg/200px-Michigan_Tech_Athletics_logo.svg.png
Middle Tenn. St.,Middle Tennessee State University,,https://upload.wikimedia.org/wikipedia/commons/thumb/4/4e/Middle_Tennessee_Athletics_logo.svg/200px-Middle_Tennessee_Athletics_logo.svg.png
Midwestern St.,Midwestern State University,,https://upload.wikimedia.org/wikipedia/commons/thumb/2/2a/Midwestern_State_Mustangs_logo.png/200px-Midwestern_State_Mustangs_logo.png
Minnesota,University of Minnesota-Twin Cities,,https://upload.wikimedia.org/wikipedia/commons/thumb/f/f9/Minnesota_Golden_Gophers_logo.svg/200px-Minnesota_Golden_Gophers_logo.svg.png
Mississippi,University of Mississippi,,https://upload.wikimedia.org/wikipedia/commons/thumb/b/bf/Ole_Miss_Rebels_logo.svg/200px-Ole_Miss_Rebels_logo.svg.png
Mississippi Delta CC,Mississippi Delta Community College,,
Mississippi St.,Mississippi State University,,https://upload.wikimedia.org/wikipedia/commons/thumb/3/36/Mississippi_State_Bulldogs_logo.svg/150px-Mississippi_State_Bulldogs_logo.svg.png
Missouri,University of Missouri-Kansas City,,https://upload.wikimedia.org/wikipedia/en/thumb/b/b1/UMKC_Kangaroos_logo.svg/250px-UMKC_Kangaroos_logo.svg.png
Missouri Southern,Missouri Southern State University,,https://upload.wikimedia.org/wikipedia/en/thumb/2/26/Missouri_Southern_Lions_logo.svg/175px-Missouri_Southern_Lions_logo.svg.png
Missouri State,Missouri State University-West Plains,,https://upload.wikimedia.org/wikipedia/en/thumb/4/4e/Missouri_State_Athletics_logo.svg/200px-Missouri_State_Athletics_logo.svg.png
Missouri West.,Missouri Western State University,,https://upload.wikimedia.org/wikipedia/en/thumb/4/4b/Missouri_Western_Griffons_logo.svg/200px-Missouri_Western_Griffons_logo.svg.png
Missouri Western St.,Missouri Western State University,,
Monmouth,Monmouth University,,https://upload.wikimedia.org/wikipedia/en/thumb/a/aa/Monmouth_Athletics_Primary_2014.png/200px-Monmouth_Athletics_Primary_2014.png
Montana,The University of Montana,,https://upload.wikimedia.org/wikipedia/commons/thumb/3/3b/Montana_Griz_logo.svg/200px-Montana_Griz_logo.svg.png
Montana St.,Montana State University,,https://upload.wikimedia.org/wikipedia/en/thumb/2/2f/Montana_State_Bobcats_logo.svg/200px-Montana_State_Bobcats_logo.svg.png
Morehouse,Morehouse College,,https://upload.wikimedia.org/wikipedia/en/thumb/1/1d/MorehouseTigers.png/220px-MorehouseTigers.png
Mount San Antonio JC,Mt San Antonio College,,
Mount Union,University of Mount Union,,https://upload.wikimedia.org/wikipedia/en/thumb/5/51/University_of_Mount_Union_seal.png/200px-University_of_Mount_Union_seal.png
Murray St.,Murray State College,,https://upload.wikimedia.org/wikipedia/en/thumb/c/c9/Murray_State_Racers_logo.svg/150px-Murray_State_Racers_logo.svg.png
Navy,United States Naval Academy,,https://upload.wikimedia.org/wikipedia/commons/thumb/a/a5/Navy_Athletics_logo.svg/150px-Navy_Athletics_logo.svg.png
Nebraska,University of Nebraska-Lincoln,,https://upload.wikimedia.org/wikipedia/commons/thumb/e/e5/Nebraska_Cornhuskers_logo.svg/100px-Nebraska_Cornhuskers_logo.svg.png
Nebraska-Omaha,University of Nebraska at Omaha,,https://upload.wikimedia.org/wikipedia/commons/thumb/7/73/Omaha_Mavericks_logo.svg/150px-Omaha_Mavericks_logo.svg.png
Nevada,University of Nevada-Reno,,https://upload.wikimedia.org/wikipedia/en/thumb/e/e9/Nevada_Wolf_Pack_Logo.svg/200px-Nevada_Wolf_Pack_Logo.svg.png
New Hampshire,University of New Hampshire-Main Campus,,https://upload.wikimedia.org/wikipedia/en/thumb/6/6a/NewHampshireWildcats.svg/200px-NewHampshireWildcats.svg.png
New Mexico,University of New Mexico-Main Campus,,https://upload.wikimedia.org/wikipedia/en/thumb/4/45/New_Mexico_Lobos_logo.svg/200px-New_Mexico_Lobos_logo.svg.png
New Mexico St.,New Mexico State University-Main Campus,,https://upload.wikimedia.org/wikipedia/en/thumb/c/c3/New_Mexico_State_Aggies_Logo.svg/200px-New_Mexico_State_Aggies_Logo.svg.png
Newberry,Newberry College,,https://upload.wikimedia.org/wikipedia/en/3/36/NewberryWolves.png
Nicholls St.,Nicholls State University,,https://upload.wikimedia.org/wikipedia/en/thumb/b/bb/Nicholls_State_Colonels_logo.svg/250px-Nicholls_State_Colonels_logo.svg.png
Norfolk St.,Norfolk State University,,https://upload.wikimedia.org/wikipedia/en/thumb/a/a6/NorfolkStateSpartans.png/200px-NorfolkStateSpartans.png
North Alabama,University of North Alabama,,https://upload.wikimedia.org/wikipedia/en/thumb/2/22/UNA_Lions_logo.png/200px-UNA_Lions_logo.png
North Carolina,University of North Carolina at Chapel Hill,,https://upload.wikimedia.org/wikipedia/commons/thumb/d/d7/North_Carolina_Tar_Heels_logo.svg/100px-North_Carolina_Tar_Heels_logo.svg.png
North Carolina A&T,North Carolina A & T State University,,https://upload.wikimedia.org/wikipedia/commons/thumb/6/62/NCA%26T_Interlock_Lettermark.png/150px-NCA%26T_Interlock_Lettermark.png
North Carolina Central,North Carolina Central University,,https://upload.wikimedia.org/wikipedia/en/thumb/a/ae/NCCU_Eagles_logo.png/200px-NCCU_Eagles_logo.png
North Carolina St.,North Carolina State University at Raleigh,,https://upload.wikimedia.org/wikipedia/commons/thumb/e/e1/North_Carolina_State_University_Athletic_logo.svg/120px-North_Carolina_State_University_Athletic_logo.svg.png
North Dakota,University of North Dakota,,https://upload.wikimedia.org/wikipedia/en/thumb/9/92/North_Dakota_Fighting_Hawks_logo.svg/200px-North_Dakota_Fighting_Hawks_logo.svg.png
North Dakota St.,North Dakota State University-Main Campus,,https://upload.wikimedia.org/wikipedia/en/thumb/7/74/North_Dakota_State_Bison_logo.svg/200px-North_Dakota_State_Bison_logo.svg.png
North Texas,University of North Texas,,https://upload.wikimedia.org/wikipedia/en/thumb/a/a2/North_Texas_Mean_Green_logo.svg/200px-North_Texas_Mean_Green_logo.svg.png
Northeastern,Northeastern University,,https://upload.wikimedia.org/wikipedia/commons/thumb/6/6c/Northeastern_Huskies_logo.svg/150px-Northeastern_Huskies_logo.svg.png
Northern Arizona,Northern Arizona University,,https://upload.wikimedia.org/wikipedia/commons/thumb/4/4f/Northern_Arizona_Athletics_logo.svg/200px-Northern_Arizona_Athletics_logo.svg.png
Northern Colorado,University of Northern Colorado,,https://upload.wikimedia.org/wikipedia/en/thumb/f/f9/Northern_Colorado_Bears_logo.svg/200px-Northern_Colorado_Bears_logo.svg.png
Northern Illinois,Northern Illinois University,,https://upload.wikimedia.org/wikipedia/en/thumb/8/87/Northern_Illinois_Huskies_logo.svg/150px-Northern_Illinois_Huskies_logo.svg.png
Northern Iowa,University of Northern Iowa,,https://upload.wikimedia.org/wikipedia/en/thumb/8/86/Northern_Iowa_Panters_logo.svg/200px-Northern_Iowa_Panters_logo.svg.png
Northwestern,Northwestern University,,https://upload.wikimedia.org/wikipedia/commons/thumb/7/7c/Northwestern_Wildcats_logo.svg/120px-Northwestern_Wildcats_logo.svg.png
Notre Dame,University of Notre Dame,,https://upload.wikimedia.org/wikipedia/commons/thumb/f/f5/Notre_Dame_Fighting_Irish_logo.svg/180px-Notre_Dame_Fighting_Irish_logo.svg.png
NW Missouri St.,Northwest Missouri State University,,https://upload.wikimedia.org/wikipedia/en/thumb/f/fa/Northwest_Missouri_State_Bearcats_logo.svg/200px-Northwest_Missouri_State_Bearcats_logo.svg.png
NW Oklahoma St.,Northwestern Oklahoma State University,,https://upload.wikimedia.org/wikipedia/en/thumb/0/0e/NWOSU_Rangers.png/200px-NWOSU_Rangers.png
NW State (LA),Northwestern State University of Louisiana,,https://upload.wikimedia.org/wikipedia/commons/thumb/3/3d/Northwestern_State_Demons_logo.svg/250px-Northwestern_State_Demons_logo.svg.png
Ohio,Ohio University-Main Campus,,https://upload.wikimedia.org/wikipedia/en/thumb/7/78/Ohio_Bobcats_logo.svg/200px-Ohio_Bobcats_logo.svg.png
Ohio St.,Ohio State University-Main Campus,,https://upload.wikimedia.org/wikipedia/commons/thumb/8/84/2013_Ohio_State_Buckeyes_logo.svg/175px-2013_Ohio_State_Buckeyes_logo.svg.png
Oklahoma,University of Oklahoma-Norman Campus,,https://upload.wikimedia.org/wikipedia/commons/thumb/6/61/Oklahoma_Sooners_logo.svg/150px-Oklahoma_Sooners_logo.svg.png
Oklahoma St.,Oklahoma State University-Main Campus,,https://upload.wikimedia.org/wikipedia/commons/thumb/d/d6/Oklahoma_State_University_Athletics_logo.svg/200px-Oklahoma_State_University_Athletics_logo.svg.png
Oregon,University of Oregon,,https://upload.wikimedia.org/wikipedia/commons/thumb/7/7b/OregonDucks.svg/125px-OregonDucks.svg.png
Oregon St.,Oregon State University,,https://upload.wikimedia.org/wikipedia/en/thumb/5/58/Oregon_State_Athletics_logo.svg/200px-Oregon_State_Athletics_logo.svg.png
Pacific,University of the Pacific,,https://upload.wikimedia.org/wikipedia/en/thumb/5/5f/PacificTigers.png/200px-PacificTigers.png
Pearl River CC,Pearl River Community College,,
Penn St.,Pennsylvania State University-Main Campus,,https://upload.wikimedia.org/wikipedia/en/thumb/3/36/Penn_State_Nittany_Lions.svg/170px-Penn_State_Nittany_Lions.svg.png
Pennsylvania,University of Pennsylvania,,https://upload.wikimedia.org/wikipedia/commons/thumb/c/c7/Penn_Quakers_logo.svg/150px-Penn_Quakers_logo.svg.png
Pittsburg St.,Pittsburg State University,,https://upload.wikimedia.org/wikipedia/en/thumb/a/a5/Pittsburg_State_Gorilla_logo.svg/150px-Pittsburg_State_Gorilla_logo.svg.png
Pittsburgh,University of Pittsburgh-Pittsburgh Campus,,https://upload.wikimedia.org/wikipedia/commons/thumb/4/44/Pitt_Panthers_wordmark.svg/200px-Pitt_Panthers_wordmark.svg.png
Portland,University of Portland,,https://upload.wikimedia.org/wikipedia/commons/thumb/9/95/Portland_Pilots_logo.png/100px-Portland_Pilots_logo.png
Portland St.,Portland State University,,https://upload.wikimedia.org/wikipedia/en/thumb/8/8a/Portland_State_Vikings_Logo.svg/200px-Portland_State_Vikings_Logo.svg.png
Presbyterian,Presbyterian College,,https://upload.wikimedia.org/wikipedia/commons/thumb/1/1a/Presbyterian_College_logo.png/200px-Presbyterian_College_logo.png
Princeton,Princeton University,,https://upload.wikimedia.org/wikipedia/en/thumb/7/71/Princeton_shield.svg/137px-Princeton_shield.svg.png
Purdue,Purdue University-Main Campus,,https://upload.wikimedia.org/wikipedia/commons/thumb/b/b5/Purdue_Boilermakers_workmark.svg/170px-Purdue_Boilermakers_workmark.svg.png
Rice,Rice University,,https://upload.wikimedia.org/wikipedia/commons/thumb/d/d2/Rice_University_Athletic_Mark.svg/100px-Rice_University_Athletic_Mark.svg.png
Richmond,University of Richmond,,https://upload.wikimedia.org/wikipedia/en/thumb/d/d0/UR_Shield.svg/100px-UR_Shield.svg.png
Robert Morris,Robert Morris University,,https://upload.wikimedia.org/wikipedia/en/thumb/f/f7/Robert_Morris_Colonials.svg/200px-Robert_Morris_Colonials.svg.png
Rowan,Rowan University,,https://upload.wikimedia.org/wikipedia/en/thumb/8/8a/Rowan_Profs_logo.png/200px-Rowan_Profs_logo.png
Rutgers,Rutgers University-New Brunswick,,https://upload.wikimedia.org/wikipedia/commons/thumb/0/0e/Rutgers_athletics_logo.svg/150px-Rutgers_athletics_logo.svg.png
S.F. Austin,Stephen F Austin State University,,https://upload.wikimedia.org/wikipedia/en/thumb/f/ff/SFA_Athletics_logo.png/200px-SFA_Athletics_logo.png
Sacramento St.,California State University-Sacramento,,https://upload.wikimedia.org/wikipedia/en/thumb/b/b1/Sacramento_State_Hornets_Logo.svg/150px-Sacramento_State_Hornets_Logo.svg.png
Sacred Heart,Sacred Heart University,,https://upload.wikimedia.org/wikipedia/en/thumb/f/f8/Sacred_Heart_Pioneers.svg/175px-Sacred_Heart_Pioneers.svg.png
Saginaw Valley St.,Saginaw Valley State University,,https://upload.wikimedia.org/wikipedia/en/thumb/5/5d/Saginaw_Valley_State_Cardinals_logo.svg/200px-Saginaw_Valley_State_Cardinals_logo.svg.png
Sam Houston St.,Sam Houston State University,,https://upload.wikimedia.org/wikipedia/en/thumb/4/4e/SHSU_Bearkats.svg/150px-SHSU_Bearkats.svg.png
Samford,Samford University,,https://upload.wikimedia.org/wikipedia/en/thumb/b/b9/Samford_Bulldogs_logo.svg/200px-Samford_Bulldogs_logo.svg.png
San Diego,University of San Diego,,https://upload.wikimedia.org/wikipedia/commons/thumb/7/7e/San_Diego_Toreros_logo.svg/150px-San_Diego_Toreros_logo.svg.png
San Diego St.,San Diego State University,,https://upload.wikimedia.org/wikipedia/commons/thumb/7/7c/San_Diego_State_Aztecs_logo.svg/200px-San_Diego_State_Aztecs_logo.svg.png
San Jose St.,San Jose State University,,https://upload.wikimedia.org/wikipedia/en/thumb/2/27/San_Jose_State_Spartans_Logo.svg/200px-San_Jose_State_Spartans_Logo.svg.png
SE Louisiana,Southeastern Louisiana University,,https://upload.wikimedia.org/wikipedia/en/thumb/b/b6/SELouisianaLions.png/220px-SELouisianaLions.png
SE Missouri St.,Southeast Missouri State University,,https://upload.wikimedia.org/wikipedia/en/thumb/b/bb/Southeast_Missouri_State_Redhawks_logo.svg/200px-Southeast_Missouri_State_Redhawks_logo.svg.png
Slippery Rock,Slippery Rock University of Pennsylvania,,https://upload.wikimedia.org/wikipedia/en/e/e6/SlipperyRocksports.png
SMU,Southern Methodist University,,https://upload.wikimedia.org/wikipedia/commons/thumb/3/33/SMU_Mustang_logo.svg/200px-SMU_Mustang_logo.svg.png
Sonoma St.,Sonoma State University,,https://upload.wikimedia.org/wikipedia/en/thumb/a/ac/Sonoma_State_Seawolves_logo.svg/200px-Sonoma_State_Seawolves_logo.svg.png
South Carolina,University of South Carolina-Columbia,,https://upload.wikimedia.org/wikipedia/commons/thumb/6/6a/South_Carolina_Gamecocks_Block_C_logo.svg/170px-South_Carolina_Gamecocks_Block_C_logo.svg.png
South Carolina St.,South Carolina State University,,https://upload.wikimedia.org/wikipedia/en/thumb/7/7b/South_Carolina_State_Bulldogs_logo.png/175px-South_Carolina_State_Bulldogs_logo.png
South Dakota,South Dakota School of Mines and Technology,,https://upload.wikimedia.org/wikipedia/en/b/b6/SDmineslogo2.png
South Dakota St.,South Dakota State University,,https://upload.wikimedia.org/wikipedia/en/thumb/2/25/South_Dakota_State_Jackrabbits_logo.svg/200px-South_Dakota_State_Jackrabbits_logo.svg.png
South Florida,University of South Florida-Main Campus,,https://upload.wikimedia.org/wikipedia/en/thumb/8/89/South_Florida_Bulls_Logo2.svg/150px-South_Florida_Bulls_Logo2.svg.png
Southern Illinois,Southern Illinois University-Carbondale,,https://upload.wikimedia.org/wikipedia/en/thumb/4/4a/SouthernIllinoisSalukis.png/200px-SouthernIllinoisSalukis.png
Southern Miss,University of Southern Mississippi,,https://upload.wikimedia.org/wikipedia/en/thumb/5/5d/Southern_Miss_Athletics_logo.svg/175px-Southern_Miss_Athletics_logo.svg.png
Southern Utah,Southern Utah University,,https://upload.wikimedia.org/wikipedia/en/thumb/e/e7/Southern_Utah_Thunderbirds_logo.svg/200px-Southern_Utah_Thunderbirds_logo.svg.png
St. Augustine's,Saint Augustine's University,,https://upload.wikimedia.org/wikipedia/en/thumb/6/6b/Flacons1.jpg/220px-Flacons1.jpg
Stanford,Stanford University,,https://upload.wikimedia.org/wikipedia/commons/thumb/4/45/Stanford_Athletics_logo.svg/118px-Stanford_Athletics_logo.svg.png
SW Missouri St.,Missouri State University-Springfield,,
Syracuse,Syracuse University,,https://upload.wikimedia.org/wikipedia/commons/thumb/d/dc/SyracuseOrange.svg/100px-SyracuseOrange.svg.png
Tarleton St.,Tarleton State University,,https://upload.wikimedia.org/wikipedia/commons/thumb/a/a3/Tarleton_State_Athletics_logo.png/200px-Tarleton_State_Athletics_logo.png
TCU,Texas Christian University,,https://upload.wikimedia.org/wikipedia/commons/thumb/3/33/TCU_Athletics_logo.svg/250px-TCU_Athletics_logo.svg.png
Temple,Temple University,,https://upload.wikimedia.org/wikipedia/commons/thumb/1/17/Temple_T_logo.svg/180px-Temple_T_logo.svg.png
Tenn-Chattanooga,The University of Tennessee-Chattanooga,,https://upload.wikimedia.org/wikipedia/commons/thumb/5/5d/Chattanooga_Mocs_logo.svg/200px-Chattanooga_Mocs_logo.svg.png
Tenn-Martin,The University of Tennessee-Martin,,https://upload.wikimedia.org/wikipedia/en/thumb/2/2c/UT_Martin_Skyhawks_logo.svg/200px-UT_Martin_Skyhawks_logo.svg.png
Tennessee,The University of Tennessee-Knoxville,,https://upload.wikimedia.org/wikipedia/commons/thumb/8/87/UT_Knoxville_logo_2015.svg/130px-UT_Knoxville_logo_2015.svg.png
Tennessee St.,Tennessee State University,,https://upload.wikimedia.org/wikipedia/en/thumb/b/b2/Tennessee_State_Tigers_logo.svg/200px-Tennessee_State_Tigers_logo.svg.png
Tennessee Tech,Tennessee Technological University,,https://upload.wikimedia.org/wikipedia/en/thumb/f/f8/Tennessee_Tech_Golden_Eagles_logo.svg/150px-Tennessee_Tech_Golden_Eagles_logo.svg.png
Texas,The University of Texas at Austin,,https://upload.wikimedia.org/wikipedia/commons/thumb/a/a8/Texas_Longhorn_logo.svg/200px-Texas_Longhorn_logo.svg.png
Texas A&M,Texas A&M University-San Antonio,,https://upload.wikimedia.org/wikipedia/commons/thumb/8/81/Texas_A%26M_University_aTm_logo.svg/125px-Texas_A%26M_University_aTm_logo.svg.png
Texas A&M-Commerce,Texas A & M University-Commerce,,https://upload.wikimedia.org/wikipedia/en/thumb/f/f8/Texas_A%26M%E2%80%93Commerce_Lions_logo.svg/200px-Texas_A%26M%E2%80%93Commerce_Lions_logo.svg.png
Texas A&M-Kingsville,Texas A & M University-Kingsville,,https://upload.wikimedia.org/wikipedia/en/thumb/0/03/Texas_A%26M%E2%80%93Kingsville_Javelinas_logo.svg/200px-Texas_A%26M%E2%80%93Kingsville_Javelinas_logo.svg.png
Texas Southern,Texas Southern University,,https://upload.wikimedia.org/wikipedia/en/thumb/9/9b/Texas_Southern_Tigers_logo.svg/200px-Texas_Southern_Tigers_logo.svg.png
Texas St.,Texas State University,,https://upload.wikimedia.org/wikipedia/en/thumb/9/97/Texas_State_Bobcats_logo.svg/200px-Texas_State_Bobcats_logo.svg.png
Texas Tech,Texas Tech University,,https://upload.wikimedia.org/wikipedia/commons/thumb/3/31/Texas_Tech_Red_Raiders_Logo.svg/150px-Texas_Tech_Red_Raiders_Logo.svg.png
Texas-El Paso,The University of Texas at El Paso,,https://upload.wikimedia.org/wikipedia/en/thumb/0/06/UTEP_Miners_logo.svg/200px-UTEP_Miners_logo.svg.png
The Citadel,Citadel Military College of South Carolina,,https://upload.wikimedia.org/wikipedia/en/thumb/1/1e/The_Citadel_Bulldogs_logo.svg/200px-The_Citadel_Bulldogs_logo.svg.png
Toledo,University of Toledo,,https://upload.wikimedia.org/wikipedia/en/thumb/f/fa/Toledo_Rockets_logo.svg/200px-Toledo_Rockets_logo.svg.png
Towson,Towson University,,https://upload.wikimedia.org/wikipedia/en/thumb/7/72/Towson_Tigers_logo.svg/200px-Towson_Tigers_logo.svg.png
Troy,Troy University,,https://upload.wikimedia.org/wikipedia/en/thumb/1/1e/Troy_University_logo.gif/175px-Troy_University_logo.gif
Tulane,Tulane University of Louisiana,,https://upload.wikimedia.org/wikipedia/en/thumb/2/28/Tulane_Green_Wave_logo.svg/150px-Tulane_Green_Wave_logo.svg.png
Tulsa,University of Tulsa,,https://upload.wikimedia.org/wikipedia/commons/thumb/4/49/University_of_Tulsa_Athletics_logo.svg/180px-University_of_Tulsa_Athletics_logo.svg.png
Tusculum,Tusculum College,,https://upload.wikimedia.org/wikipedia/en/thumb/6/66/Tusculum_seal.png/155px-Tusculum_seal.png
Tuskegee,Tuskegee University,,https://upload.wikimedia.org/wikipedia/en/thumb/a/a6/Tuskegee_Golden_Tigers_logo.png/200px-Tuskegee_Golden_Tigers_logo.png
UCLA,University of California-Los Angeles,,https://upload.wikimedia.org/wikipedia/commons/thumb/e/ef/UCLA_Bruins_logo.svg/200px-UCLA_Bruins_logo.svg.png
UNLV,University of Nevada-Las Vegas,,https://upload.wikimedia.org/wikipedia/en/thumb/d/d9/UNLV_Rebels_logo.svg/180px-UNLV_Rebels_logo.svg.png
USC,University of Southern California,,https://upload.wikimedia.org/wikipedia/commons/thumb/2/20/Interlocking_USC_Logo.svg/100px-Interlocking_USC_Logo.svg.png
Utah,University of Utah,,https://upload.wikimedia.org/wikipedia/commons/thumb/b/be/Utah_Utes_logo.svg/200px-Utah_Utes_logo.svg.png
Utah St.,Utah State University,,https://upload.wikimedia.org/wikipedia/commons/thumb/e/ee/Utah_State_University_Aggies_Logo.svg/200px-Utah_State_University_Aggies_Logo.svg.png
Valdosta St.,Valdosta State University,,https://upload.wikimedia.org/wikipedia/commons/thumb/6/62/Valdosta_State_Blazers_logo.svg/200px-Valdosta_State_Blazers_logo.svg.png
Vanderbilt,Vanderbilt University,,https://upload.wikimedia.org/wikipedia/commons/thumb/6/61/Vanderbilt_Commodores_logo.svg/125px-Vanderbilt_Commodores_logo.svg.png
Villanova,Villanova University,,https://upload.wikimedia.org/wikipedia/commons/thumb/6/6d/Villanova_Wildcats_Logo.svg/175px-Villanova_Wildcats_Logo.svg.png
Virginia,University of Virginia-Main Campus,,https://upload.wikimedia.org/wikipedia/en/thumb/d/d1/Virginia_Cavaliers_sabre.svg/200px-Virginia_Cavaliers_sabre.svg.png
Virginia St.,Virginia State University,,https://upload.wikimedia.org/wikipedia/en/1/11/VSUTrojans.png
Virginia Tech,Virginia Polytechnic Institute and State University,,https://upload.wikimedia.org/wikipedia/commons/thumb/6/60/Virginia_Tech_Hokies_logo.svg/260px-Virginia_Tech_Hokies_logo.svg.png
Virginia Union,Virginia Union University,,https://upload.wikimedia.org/wikipedia/en/thumb/7/74/VUUPanthers.png/220px-VUUPanthers.png
Wake Forest,Wake Forest University,,https://upload.wikimedia.org/wikipedia/commons/thumb/1/1a/Wake_Forest_University_Athletic_logo.svg/150px-Wake_Forest_University_Athletic_logo.svg.png
Washburn,Washburn University,,https://upload.wikimedia.org/wikipedia/commons/thumb/a/a6/Washburn_University_Athletics_logo.svg/200px-Washburn_University_Athletics_logo.svg.png
Washington,University of Washington-Seattle Campus,,https://upload.wikimedia.org/wikipedia/commons/thumb/1/17/Washington_Huskies_logo.svg/200px-Washington_Huskies_logo.svg.png
Washington St.,Washington State University,,https://upload.wikimedia.org/wikipedia/en/thumb/0/07/Washington_State_Cougars_logo.svg/160px-Washington_State_Cougars_logo.svg.png
Wayne State (NE),Wayne State College,,https://upload.wikimedia.org/wikipedia/en/4/4b/WayneStWildcats.png
Weber St.,Weber State University,,https://upload.wikimedia.org/wikipedia/en/thumb/f/f2/Weber_State_Wildcats_logo.svg/200px-Weber_State_Wildcats_logo.svg.png
West Chester,West Chester University of Pennsylvania,,https://upload.wikimedia.org/wikipedia/en/e/e4/WCUGoldenRams.PNG
West Texas A&M,West Texas A & M University,,https://upload.wikimedia.org/wikipedia/commons/thumb/a/a8/West_Texas_A%26M_Athletics_logo.svg/200px-West_Texas_A%26M_Athletics_logo.svg.png
West Virginia,West Virginia University,,https://upload.wikimedia.org/wikipedia/commons/thumb/3/3e/West_Virginia_Flying_WV_logo.svg/175px-West_Virginia_Flying_WV_logo.svg.png
West. Carolina,Western Carolina University,,https://upload.wikimedia.org/wikipedia/en/thumb/4/46/WCU_Catamounts.png/200px-WCU_Catamounts.png
West. Illinois,Western Illinois University,,https://upload.wikimedia.org/wikipedia/en/thumb/1/16/Western_Illinois_Leathernecks_logo.svg/200px-Western_Illinois_Leathernecks_logo.svg.png
West. Kentucky,Western Kentucky University,,https://upload.wikimedia.org/wikipedia/en/thumb/1/1d/WKU_Athletics_logo.svg/200px-WKU_Athletics_logo.svg.png
West. Michigan,Western Michigan University,,https://upload.wikimedia.org/wikipedia/en/thumb/a/a6/Western_Michigan_Broncos_logo.svg/200px-Western_Michigan_Broncos_logo.svg.png
West. Oregon,Western Oregon University,,https://upload.wikimedia.org/wikipedia/en/thumb/7/77/WOUWolves.png/200px-WOUWolves.png
Western Oregon,Western Oregon University,,https://upload.wikimedia.org/wikipedia/en/thumb/7/77/WOUWolves.png/200px-WOUWolves.png
Wheaton,Wheaton College),,
Whitworth (WA),Whitworth University,,https://upload.wikimedia.org/wikipedia/en/4/40/Whitworth_university_logo_vertical.png
Widener,Widener University-Main Campus,,https://upload.wikimedia.org/wikipedia/en/e/ec/Widener_University_Logo.PNG
William & Mary,College of William and Mary,,https://upload.wikimedia.org/wikipedia/commons/thumb/a/a3/William_%26_Mary_Tribe_logo.svg/250px-William_%26_Mary_Tribe_logo.svg.png
William Penn,William Penn University,,
Williams,Williams College,,https://upload.wikimedia.org/wikipedia/commons/thumb/0/0d/Williams_Ephs_logo.png/220px-Williams_Ephs_logo.png
Wingate,Wingate University,,https://upload.wikimedia.org/wikipedia/en/b/b5/Bulldog_Behind_W2.jpg
Winston-Salem St.,Winston-Salem State University,,https://upload.wikimedia.org/wikipedia/en/thumb/9/94/Athletic_ram_color_full.png/100px-Athletic_ram_color_full.png
Wisc-LaCrosse,University of Wisconsin-La Crosse,,https://upload.wikimedia.org/wikipedia/en/thumb/4/4b/University_of_Wisconsin-La_Crosse_logo.svg/220px-University_of_Wisconsin-La_Crosse_logo.svg.png
Wisc-Stevens Point,University of Wisconsin-Stevens Point,,https://upload.wikimedia.org/wikipedia/en/thumb/e/ec/UW%E2%80%93Stevens_Point_logo.png/250px-UW%E2%80%93Stevens_Point_logo.png
Wisc-Stout,University of Wisconsin-Stout,,https://upload.wikimedia.org/wikipedia/en/thumb/c/c8/UW%E2%80%93Whitewater.png/175px-UW%E2%80%93Whitewater.png
Wisc-Whitewater,University of Wisconsin-Whitewater,,https://upload.wikimedia.org/wikipedia/en/thumb/c/c8/UW%E2%80%93Whitewater.png/175px-UW%E2%80%93Whitewater.png
Wisconsin,University of Wisconsin-Madison,,https://upload.wikimedia.org/wikipedia/commons/thumb/8/8e/University_of_Wisconsin_Waving_W.svg/175px-University_of_Wisconsin_Waving_W.svg.png
Wyoming,University of Wyoming,,https://upload.wikimedia.org/wikipedia/commons/thumb/7/7c/Steamboat.svg/125px-Steamboat.svg.png
Yale,Yale University,,https://upload.wikimedia.org/wikipedia/en/thumb/7/74/Yale_Bulldogs_Logo.svg/150px-Yale_Bulldogs_Logo.svg.png
Youngstown St.,Youngstown State University,,https://upload.wikimedia.org/wikipedia/commons/thumb/8/84/Youngstown_State_Penguins_logo.svg/200px-Youngstown_State_Penguins_logo.svg.png
American Int.,American International College,,https://upload.wikimedia.org/wikipedia/en/thumb/8/81/AIC_Yellow_Jackets.svg/220px-AIC_Yellow_Jackets.svg.png
Anderson (IN),Anderson University,,https://upload.wikimedia.org/wikipedia/en/5/52/AndersonURavenSpiritMark.png
Angelo St.,Angelo State University,,https://upload.wikimedia.org/wikipedia/commons/thumb/f/fe/Angelo_State_University_logo.svg/200px-Angelo_State_University_logo.svg.png
Azusa Pacific,Azusa Pacific University,,https://upload.wikimedia.org/wikipedia/commons/thumb/1/19/Azusa_Pacific_Cougars_logo.svg/150px-Azusa_Pacific_Cougars_logo.svg.png
Benedictine,Benedictine University,,https://upload.wikimedia.org/wikipedia/en/thumb/b/b8/Benedictine_University_logo.jpg/220px-Benedictine_University_logo.jpg
Bishop,Bishop State Community College,,
Boston Univ.,Boston University,,https://upload.wikimedia.org/wikipedia/en/thumb/e/e0/Boston_University_Terriers.svg/200px-Boston_University_Terriers.svg.png
Cal State-Chico,California State University-Chico,,https://upload.wikimedia.org/wikipedia/en/thumb/6/64/Chico_State_Wildcats_logo.svg/200px-Chico_State_Wildcats_logo.svg.png
Cal State-Fullerton,California State University-Fullerton,,https://upload.wikimedia.org/wikipedia/commons/thumb/0/0e/Cal_State_Fullerton_Titans_logo.svg/250px-Cal_State_Fullerton_Titans_logo.svg.png
Cal State-Northridge,California State University-Northridge,,https://upload.wikimedia.org/wikipedia/en/d/df/CalStateNorthridgeMatadors.png
Cameron,Cameron University,,https://upload.wikimedia.org/wikipedia/en/thumb/c/cc/Cameron_Athletics_logo.png/200px-Cameron_Athletics_logo.png
Carson-Newman,Carson-Newman University,,https://upload.wikimedia.org/wikipedia/en/thumb/e/ef/CarsonNewmanEagles.png/200px-CarsonNewmanEagles.png
Case Western Reserve,Case Western Reserve University,,https://upload.wikimedia.org/wikipedia/en/thumb/7/72/Case_Western_Reserve_University_Spartans_logo_mascot.png/150px-Case_Western_Reserve_University_Spartans_logo_mascot.png
Catawba,Catawba College,,https://upload.wikimedia.org/wikipedia/en/thumb/b/b4/CatawbaCollegeAthletics-CFeathers.jpg/220px-CatawbaCollegeAthletics-CFeathers.jpg
Central Washington,Central Washington University,,https://upload.wikimedia.org/wikipedia/en/thumb/b/bb/Central_Washington_Wildcats_logo.svg/200px-Central_Washington_Wildcats_logo.svg.png
Clark (GA),Clark Atlanta University,,https://upload.wikimedia.org/wikipedia/en/0/07/CAUPanthers.png
Colgate,Colgate University,,https://upload.wikimedia.org/wikipedia/commons/thumb/e/ef/Colgate_Raiders_logo.svg/175px-Colgate_Raiders_logo.svg.png
East Stroudsburg,East Stroudsburg University of Pennsylvania,,https://upload.wikimedia.org/wikipedia/en/thumb/6/65/EStroudsWarriors.png/150px-EStroudsWarriors.png
Elizabeth City St.,Elizabeth City State University,,https://upload.wikimedia.org/wikipedia/en/thumb/8/83/Ecsu_Viking.png/150px-Ecsu_Viking.png
Emporia St.,Emporia State University,,https://upload.wikimedia.org/wikipedia/commons/thumb/5/5e/Emporia_State_Athletics_logo.svg/175px-Emporia_State_Athletics_logo.svg.png
Ferrum,Ferrum College,,https://upload.wikimedia.org/wikipedia/en/9/93/Ferrum-College-Seal.png
Findlay,The University of Findlay,,https://upload.wikimedia.org/wikipedia/en/thumb/a/ac/Findlay_Oilers_logo.svg/200px-Findlay_Oilers_logo.svg.png
Fort Hays St.,Fort Hays State University,,https://upload.wikimedia.org/wikipedia/en/thumb/4/46/FHSU_Tigers_logo.svg/180px-FHSU_Tigers_logo.svg.png
Gustavus Adolphus,Gustavus Adolphus College,,https://upload.wikimedia.org/wikipedia/en/thumb/8/89/Gustavus_Adolphus_College_wordmark.png/220px-Gustavus_Adolphus_College_wordmark.png
Henderson St.,Henderson State University,,https://upload.wikimedia.org/wikipedia/en/thumb/c/c4/Henderson_State_Reddies.png/220px-Henderson_State_Reddies.png
Holy Cross,Holy Cross College,,https://upload.wikimedia.org/wikipedia/en/thumb/f/f7/Holy_Cross_College_%28Indiana%29_Athletics_Letter_Logo%2C_HCCAthletics.jpg.png/150px-Holy_Cross_College_%28Indiana%29_Athletics_Letter_Logo%2C_HCCAthletics.jpg.png
Humboldt St.,Humboldt State University,,https://upload.wikimedia.org/wikipedia/en/thumb/1/1f/Humboldt_State_Lumberjacks.jpg/200px-Humboldt_State_Lumberjacks.jpg
John Carroll,John Carroll University,,https://upload.wikimedia.org/wikipedia/en/thumb/6/6d/Jcu_seal_small.jpg/150px-Jcu_seal_small.jpg
Johnson C. Smith,Johnson C Smith University,,https://upload.wikimedia.org/wikipedia/en/6/6e/JCSmithBulls.png
Kearney St.,University of Nebraska at Kearney,,https://upload.wikimedia.org/wikipedia/en/thumb/6/65/Nebraska%E2%80%93Kearney_Lopers_logo.svg/200px-Nebraska%E2%80%93Kearney_Lopers_logo.svg.png
Lafayette,Lafayette College,,https://upload.wikimedia.org/wikipedia/en/thumb/f/f4/Lafayette_college_leopard_logo.png/200px-Lafayette_college_leopard_logo.png
Lamar,Lamar University,,https://upload.wikimedia.org/wikipedia/en/thumb/7/7a/Lamar_Cardinals_logo.svg/200px-Lamar_Cardinals_logo.svg.png
Long Beach St.,California State University-Long Beach,,https://upload.wikimedia.org/wikipedia/commons/thumb/2/29/Long_Beach_State_Athletics_logo.svg/125px-Long_Beach_State_Athletics_logo.svg.png
Mankato St.,Minnesota State University-Mankato,,https://upload.wikimedia.org/wikipedia/en/thumb/1/15/MSUM_Mavericks.svg/150px-MSUM_Mavericks.svg.png
Mesa,Colorado Mesa University,,https://upload.wikimedia.org/wikipedia/en/e/e7/Colorado_Mesa_University_Mavericks_logo.png
Mesa (CO),Colorado Mesa University,,
Millikin,Millikin University,,https://upload.wikimedia.org/wikipedia/commons/thumb/a/ac/Millikin_University_wordmark.png/250px-Millikin_University_wordmark.png
Minnesota-Duluth,University of Minnesota-Duluth,,https://upload.wikimedia.org/wikipedia/en/thumb/0/08/UMDChamp1.png/200px-UMDChamp1.png
Miss. Valley St.,Mississippi Valley State University,,https://upload.wikimedia.org/wikipedia/commons/thumb/9/90/Mississippi_Valley_State_Athletics_logo.png/175px-Mississippi_Valley_State_Athletics_logo.png
Mississippi Col.,Mississippi College,,https://upload.wikimedia.org/wikipedia/en/thumb/5/57/Mississippi_College_Choctaws_logo.png/200px-Mississippi_College_Choctaws_logo.png
Morehead St.,Morehead State University,,https://upload.wikimedia.org/wikipedia/en/thumb/1/12/Morehead_State_Eagles_logo.svg/200px-Morehead_State_Eagles_logo.svg.png
Morningside,Morningside College,,
NE Missouri St.,Northwest Missouri State University,,https://upload.wikimedia.org/wikipedia/en/thumb/f/fa/Northwest_Missouri_State_Bearcats_logo.svg/200px-Northwest_Missouri_State_Bearcats_logo.svg.png
NE Oklahoma,Northwestern Oklahoma State University,,https://upload.wikimedia.org/wikipedia/en/thumb/0/0e/NWOSU_Rangers.png/200px-NWOSU_Rangers.png
Nebraska Wesleyan,Nebraska Wesleyan University,,
New Haven,University of New Haven,,https://upload.wikimedia.org/wikipedia/en/f/fa/UNHChargers.png
Northern Michigan,Northern Michigan University,,https://upload.wikimedia.org/wikipedia/en/thumb/5/55/Northern_Michigan_Wildcats_logo.svg/200px-Northern_Michigan_Wildcats_logo.svg.png
Occidental,Occidental College,,http://cdn.herosports.com/upload/occidental-logo.png
Oregon Tech,Oregon Institute of Technology,,
Pacific Lutheran,Pacific Lutheran University,,https://upload.wikimedia.org/wikipedia/en/thumb/3/3e/SealofPLU.png/200px-SealofPLU.png
Pasadena CC,Pasadena City College,,https://upload.wikimedia.org/wikipedia/en/c/cf/Pasadena_City_College_logo.gif
Pittsburgh-Johnstown,University of Pittsburgh-Johnstown,,https://upload.wikimedia.org/wikipedia/en/thumb/f/f1/UPJ_MountainCatPaw_AthleticLogo.jpg/150px-UPJ_MountainCatPaw_AthleticLogo.jpg
Pomona-Pitzer,Pomona College,,https://upload.wikimedia.org/wikipedia/en/thumb/9/9d/Formal_Seal_of_Pomona_College%2C_Claremont%2C_CA%2C_USA.svg/120px-Formal_Seal_of_Pomona_College%2C_Claremont%2C_CA%2C_USA.svg.png
Puget Sound,University of Puget Sound,,https://upload.wikimedia.org/wikipedia/en/thumb/a/ad/UofPS_seal.png/150px-UofPS_seal.png
Rhode Island,University of Rhode Island,,https://upload.wikimedia.org/wikipedia/commons/thumb/8/80/Rhode_Island_Rams_logo.svg/180px-Rhode_Island_Rams_logo.svg.png
SW Minnesota,Southwest Minnesota State University,,https://upload.wikimedia.org/wikipedia/en/thumb/a/ab/SMSU_Mustangs_logo.png/210px-SMSU_Mustangs_logo.png
SW Oklahoma,Southwestern Oklahoma State University,,https://upload.wikimedia.org/wikipedia/en/thumb/9/95/SWOSU_logo.png/220px-SWOSU_logo.png
Salem,Salem International University,,https://upload.wikimedia.org/wikipedia/en/a/a0/SIUTigers.png
Salem (WV),Salem Community College,,https://upload.wikimedia.org/wikipedia/en/thumb/3/3f/SalemCC_logo.jpg/150px-SalemCC_logo.jpg
San Francisco St.,San Francisco State University,,https://upload.wikimedia.org/wikipedia/en/thumb/9/9e/SFStateBlockSF.png/200px-SFStateBlockSF.png
Santa Clara,Santa Clara University,,https://upload.wikimedia.org/wikipedia/commons/thumb/7/7f/SantaClaraBroncos2.png/200px-SantaClaraBroncos2.png
Savannah St.,Savannah State University,,https://upload.wikimedia.org/wikipedia/en/thumb/f/fe/SSUTigersLogo.png/200px-SSUTigersLogo.png
Southern,Livingstone College,,https://upload.wikimedia.org/wikipedia/en/b/b2/LivingstoneBlueBears.png
Southern Connecticut St.,Southern Connecticut State University,,https://upload.wikimedia.org/wikipedia/en/thumb/d/da/SCSUOwls.png/220px-SCSUOwls.png
Southern Oregon,Southern Oregon University,,https://upload.wikimedia.org/wikipedia/en/thumb/d/de/SOU_Raiders_Logo_2011.png/200px-SOU_Raiders_Logo_2011.png
St. Cloud St.,Saint Cloud State University,,https://upload.wikimedia.org/wikipedia/commons/thumb/4/46/St._Cloud_State_University_logo.svg/200px-St._Cloud_State_University_logo.svg.png
St. Francis (IL),Saint Francis University,,
Texas-Arlington,The University of Texas at Arlington,,https://upload.wikimedia.org/wikipedia/en/thumb/3/35/UT_Arlington_Mavericks_logo.svg/200px-UT_Arlington_Mavericks_logo.svg.png
Trinity (CT),Trinity Christian College,,https://upload.wikimedia.org/wikipedia/en/1/1a/TrinityChristianCollege_Logo.jpeg
Union (NY),Unilatina International College,,
VMI,Virginia Military Institute,,https://upload.wikimedia.org/wikipedia/commons/thumb/9/90/Virginia_Military_Institute_logo.png/110px-Virginia_Military_Institute_logo.png
Wake Technical CC,Wake Technical Community College,,https://upload.wikimedia.org/wikipedia/en/2/25/Wake_Tech_Logo.png
West Virginia Tech,Eastern West Virginia Community and Technical College,,https://upload.wikimedia.org/wikipedia/en/thumb/7/78/Eastern_WV_Community_%26_Technical_College.png/220px-Eastern_WV_Community_%26_Technical_College.png